Model Name,Units,Layers,Dropout,Accuracy,Precision,Recall,F1
sign_model_u128_l2_d25.h5,128,2,0.25,0.8,0.9166666666666667,0.7857142857142858,0.8140350877192983
sign_model_u128_l2_d50.h5,128,2,0.5,0.76,0.8083333333333332,0.7571428571428571,0.7233333333333334
sign_model_u128_l3_d25.h5,128,3,0.25,0.64,0.6388888888888888,0.6714285714285714,0.6374708624708625
sign_model_u128_l3_d50.h5,128,3,0.5,0.6,0.5371428571428571,0.5714285714285714,0.4833986928104575
sign_model_u256_l2_d25.h5,256,2,0.25,0.72,0.7495238095238095,0.6571428571428571,0.6663509039979628
sign_model_u256_l2_d50.h5,256,2,0.5,0.76,0.6755555555555556,0.6857142857142857,0.6616310160427809
sign_model_u256_l3_d25.h5,256,3,0.25,0.72,0.7761904761904762,0.7285714285714284,0.704978354978355
sign_model_u256_l3_d50.h5,256,3,0.5,0.68,0.5628571428571428,0.6285714285714284,0.562821492233257
